{"accuracy_global_fedavg": [0.09701940388077615, 0.13582716543308662, 0.3072614522904581, 0.39367873574714946, 0.5053010602120425, 0.5699139827965594, 0.626125225045009, 0.6761352270454091, 0.6789357871574315, 0.6761352270454091, 0.6893378675735147, 0.6509301860372074, 0.707741548309662, 0.709741948389678, 0.714742948589718, 0.7443488697739548, 0.7657531506301261, 0.7301460292058412, 0.7141428285657131, 0.6923384676935387, 0.7101420284056812, 0.6943388677735547, 0.709741948389678, 0.7029405881176235, 0.747749549909982, 0.7171434286857371, 0.7199439887977596, 0.6987397479495899, 0.6969393878775755, 0.712742548509702, 0.6543308661732347, 0.6613322664532907, 0.6605321064212842, 0.7103420684136827, 0.6965393078615724, 0.6407281456291258, 0.6629325865173035, 0.6907381476295259, 0.6809361872374475, 0.7013402680536107, 0.7279455891178236, 0.7413482696539307, 0.7073414682936587, 0.6995399079815963, 0.6775355071014203, 0.7401480296059212, 0.7135427085417083, 0.7251450290058011, 0.75875175035007, 0.7495499099819964, 0.7743548709741949, 0.746749349869974, 0.7677535507101421, 0.7603520704140828, 0.7591518303660733, 0.7555511102220445, 0.7451490298059612, 0.7247449489897979, 0.7989597919583917, 0.7173434686937388, 0.7593518703740748, 0.7625525105021004, 0.7143428685737148, 0.7525505101020205, 0.7327465493098619, 0.7729545909181836, 0.7253450690138028, 0.7353470694138827, 0.7705541108221644, 0.7643528705741148, 0.7721544308861772, 0.8019603920784156, 0.8079615923184637, 0.7735547109421884, 0.7653530706141228, 0.7955591118223645, 0.7819563912782557, 0.7359471894378876, 0.7669533906781356, 0.7525505101020205, 0.779755951190238, 0.7599519903980796, 0.786757351470294, 0.8171634326865373, 0.7949589917983597, 0.7553510702140428, 0.782756551310262, 0.7575515103020604, 0.7595519103820764, 0.7829565913182637, 0.792758551710342, 0.7941588317663533, 0.8053610722144429, 0.8063612722544509, 0.7443488697739548, 0.7735547109421884, 0.8043608721744349, 0.789757951590318, 0.7739547909581916, 0.7611522304460893], "accuracy_local_fedavg": [0.8082345043633923, 0.8797759551910382, 0.8801760352070415, 0.8879775955191038, 0.8905781156231246, 0.8891778355671134, 0.8995799159831966, 0.9027805561112222, 0.8929785957191438, 0.9141828365673135, 0.9151830366073215, 0.9057811562312462, 0.913382676535307, 0.9159831966393278, 0.9111822364472895, 0.9117823564712942, 0.9145829165833167, 0.915383076615323, 0.9127825565113022, 0.911382276455291, 0.9135827165433087, 0.9167833566713343, 0.919383876775355, 0.9197839567913583, 0.9235847169433887, 0.9199839967993598, 0.9061812362472494, 0.9171834366873375, 0.914382876575315, 0.9055811162232447, 0.9085817163432687, 0.9221844368873775, 0.913382676535307, 0.9177835567113423, 0.915383076615323, 0.9207841568313663, 0.9249849969993998, 0.9161832366473295, 0.9169833966793358, 0.9179835967193438, 0.9125825165033007, 0.920384076815363, 0.9161832366473295, 0.9255851170234047, 0.9209841968393678, 0.9151830366073215, 0.9217843568713743, 0.915383076615323, 0.9235847169433887, 0.9185837167433487, 0.9261852370474095, 0.9181836367273455, 0.9179835967193438, 0.9243848769753951, 0.9275855171034206, 0.9261852370474095, 0.9147829565913183, 0.9161832366473295, 0.9209841968393678, 0.9277855571114223, 0.9211842368473695, 0.9187837567513503, 0.9175835167033407, 0.9287857571514303, 0.9295859171834366, 0.9259851970394078, 0.9259851970394078, 0.9167833566713343, 0.9221844368873775, 0.9265853170634126, 0.9201840368073615, 0.9191838367673535, 0.9281856371274255, 0.9251850370074015, 0.9271854370874175, 0.9229845969193838, 0.9217843568713743, 0.9181836367273455, 0.9229845969193838, 0.9229845969193838, 0.9211842368473695, 0.9257851570314063, 0.9223844768953791, 0.918383676735347, 0.9255851170234047, 0.9187837567513503, 0.9177835567113423, 0.9189837967593518, 0.9247849569913983, 0.9279855971194239, 0.9259851970394078, 0.9263852770554111, 0.9145829165833167, 0.9197839567913583, 0.921384276855371, 0.9237847569513903, 0.9263852770554111, 0.9247849569913983, 0.9249849969993998, 0.9267853570714143]}