{"accuracy_global_fedavg": [0.10073111291632819, 0.1037774167343623, 0.2885865150284322, 0.28391551584077984, 0.39277010560519904, 0.5322908204711616, 0.5032493907392364, 0.6088545897644192, 0.49248578391551584, 0.5129975629569455, 0.47969130787977254, 0.5249796913078798, 0.5899675060926076, 0.5962632006498781, 0.6421608448415922, 0.6569861900893582, 0.6263200649878148, 0.6571892770105605, 0.6234768480909829, 0.6043866774979691, 0.6318034118602762, 0.5530056864337937, 0.6114947197400488, 0.6437855402112104, 0.5857026807473599, 0.6131194151096669, 0.6334281072298944, 0.7128350934199837, 0.7238017871649066, 0.723395613322502, 0.7229894394800975, 0.7063363119415109, 0.6996344435418359, 0.7250203086921202, 0.7099918765231519, 0.7288789601949635, 0.6811535337124289, 0.6876523151909018, 0.6825751421608448, 0.710804224207961, 0.783306255077173, 0.7520308692120228, 0.7343623070674249, 0.7491876523151909, 0.7209585702680747, 0.7420796100731113, 0.7520308692120228, 0.7611697806661251, 0.7757920389926889, 0.7331437855402112, 0.756701868399675, 0.7495938261575954, 0.7640129975629569, 0.7225832656376929, 0.7725426482534524, 0.741876523151909, 0.7426888708367181, 0.7709179528838342, 0.7465475223395613, 0.7550771730300568, 0.7845247766043867, 0.743298131600325, 0.772948822095857, 0.8046303818034118, 0.7380178716490658, 0.7345653939886271, 0.7449228269699432, 0.7142567018683996, 0.7621852152721365, 0.768480909829407, 0.7991470349309504, 0.8036149471974005, 0.7820877335499594, 0.8003655564581641, 0.7841186027619821, 0.762591389114541, 0.7542648253452477, 0.7650284321689683, 0.7577173030056864, 0.7881803411860276, 0.789195775792039, 0.778838342810723, 0.786961819658814, 0.8058489033306255, 0.8036149471974005, 0.8030056864337937, 0.7656376929325751, 0.8084890333062551, 0.8007717303005687, 0.8131600324939074, 0.8220958570268074, 0.7893988627132412, 0.7889926888708367, 0.7800568643379366, 0.8198619008935825, 0.8170186839967506, 0.8068643379366369, 0.7906173842404549, 0.8030056864337937, 0.7904142973192526], "accuracy_local_fedavg": [0.8406922564899046, 0.8588545897644192, 0.8773354995938262, 0.8708367181153533, 0.8844435418359058, 0.8891145410235581, 0.897238017871649, 0.8935824532900081, 0.9004874086108855, 0.9055645816409423, 0.9025182778229082, 0.8974411047928513, 0.9086108854589764, 0.902315190901706, 0.904549147034931, 0.8960194963444355, 0.906783103168156, 0.9084077985377742, 0.9021121039805037, 0.9092201462225833, 0.9124695369618196, 0.9051584077985377, 0.9010966693744923, 0.906783103168156, 0.9102355808285947, 0.9082047116165719, 0.90536149471974, 0.9017059301380991, 0.9114541023558083, 0.9147034930950447, 0.9106417546709992, 0.9128757108042242, 0.9142973192526401, 0.9167343623070674, 0.909017059301381, 0.9136880584890333, 0.9183590576766856, 0.9165312753858651, 0.9063769293257514, 0.9147034930950447, 0.9147034930950447, 0.9197806661251016, 0.9161251015434606, 0.9165312753858651, 0.9169374492282697, 0.9110479285134038, 0.920186839967506, 0.9138911454102355, 0.9132818846466287, 0.9195775792038993, 0.9147034930950447, 0.919374492282697, 0.9214053614947197, 0.9118602761982129, 0.9161251015434606, 0.9061738424045491, 0.9189683184402925, 0.9187652315190902, 0.9181559707554834, 0.9147034930950447, 0.9183590576766856, 0.9151096669374492, 0.9149065800162469, 0.9177497969130788, 0.9197806661251016, 0.9132818846466287, 0.9191714053614947, 0.9153127538586515, 0.9203899268887084, 0.9191714053614947, 0.9147034930950447, 0.9212022745735174, 0.9161251015434606, 0.9236393176279447, 0.9264825345247766, 0.9075954508529651, 0.9205930138099107, 0.9110479285134038, 0.9167343623070674, 0.9189683184402925, 0.9189683184402925, 0.9187652315190902, 0.9189683184402925, 0.9191714053614947, 0.9130787977254264, 0.9218115353371243, 0.9167343623070674, 0.9181559707554834, 0.9149065800162469, 0.9214053614947197, 0.9214053614947197, 0.9199837530463039, 0.9195775792038993, 0.9197806661251016, 0.9191714053614947, 0.9199837530463039, 0.9189683184402925, 0.9161251015434606, 0.9177497969130788, 0.9236393176279447]}