{"accuracy_global": [0.10017010017010017, 0.10017010017010017, 0.13456813456813457, 0.30315630315630315, 0.45076545076545077, 0.5269325269325269, 0.5239085239085239, 0.591948591948592, 0.7008127008127009, 0.7242487242487242, 0.7335097335097335, 0.6924966924966925, 0.6962766962766963, 0.6318276318276318, 0.6894726894726895, 0.7960687960687961, 0.7353997353997354, 0.7546777546777547, 0.7206577206577207, 0.6635796635796636, 0.7163107163107163, 0.758079758079758, 0.6645246645246645, 0.707049707049707, 0.6881496881496881, 0.7355887355887356, 0.7412587412587412, 0.7637497637497638, 0.8004158004158004, 0.6752976752976753, 0.7083727083727084, 0.69003969003969, 0.8125118125118125, 0.7962577962577962, 0.7573237573237573, 0.7779247779247779, 0.8057078057078058, 0.8111888111888111, 0.8068418068418068, 0.7403137403137403, 0.7798147798147799, 0.7577017577017577, 0.7886977886977887, 0.7233037233037233, 0.7323757323757324, 0.74995274995275, 0.6741636741636742, 0.7178227178227178, 0.7301077301077301, 0.793044793044793, 0.727083727083727, 0.7822717822717823, 0.7374787374787375, 0.7531657531657532, 0.8077868077868078, 0.7926667926667926, 0.7724437724437725, 0.7425817425817426, 0.8045738045738046, 0.7471177471177471, 0.7631827631827632, 0.8057078057078058, 0.7956907956907957, 0.7735777735777736, 0.7983367983367984, 0.7680967680967681, 0.8047628047628048, 0.7716877716877717, 0.7932337932337933, 0.7883197883197883, 0.7856737856737857, 0.7851067851067851, 0.773955773955774, 0.7726327726327726, 0.7274617274617274, 0.735966735966736, 0.7697977697977698, 0.7435267435267435, 0.8045738045738046, 0.7851067851067851, 0.7336987336987337, 0.7454167454167454, 0.7017577017577018, 0.7433377433377434, 0.8092988092988093, 0.7336987336987337, 0.7057267057267057, 0.7966357966357966, 0.7994707994707995, 0.7367227367227367, 0.7614817614817615, 0.725949725949726, 0.8017388017388017, 0.7622377622377622, 0.7425817425817426, 0.7973917973917974, 0.7784917784917785, 0.7626157626157626, 0.797958797958798, 0.7425817425817426], "accuracy_local": [0.9129167296566476, 0.9198159712169605, 0.9150211219784964, 0.9210561443457453, 0.9343031367086916, 0.9311857040846592, 0.9310333074169916, 0.9328902687421867, 0.9395354019855232, 0.9382819994083356, 0.9252078302082273, 0.9354459980070673, 0.930431198665076, 0.9357561096317882, 0.9241539944688302, 0.931037732497561, 0.9290432826466293, 0.9389056065494426, 0.9311641176788825, 0.9254517772255185, 0.9328152359561335, 0.9279180829643668, 0.9281247751476529, 0.9315565542096205, 0.9292548768575306, 0.9288302380479984, 0.9279138223673813, 0.9407891276808007, 0.9337377641315487, 0.921406529946232, 0.9211381403230172, 0.9207652144979498, 0.941419072870402, 0.9343815769716017, 0.9281933686480146, 0.9275414536802994, 0.9266710772882519, 0.9275026084531771, 0.9360850220161278, 0.9320818645131941, 0.9349123071719017, 0.9288290768983285, 0.9289863592618818, 0.9290386863916476, 0.9167213824985829, 0.9322520010162888, 0.9252385047637357, 0.9252220995637971, 0.9303161438582799, 0.9405808075371145, 0.927501785105038, 0.9220370945418377, 0.9286161752436228, 0.929879138957113, 0.9285720899122345, 0.9328916796002952, 0.9316584751124174, 0.927537395414294, 0.9326985480697697, 0.9300846029971774, 0.9226851144616843, 0.9287815654030182, 0.9288427977555875, 0.9389062879122813, 0.9275677939761043, 0.9237531607935602, 0.9324654542172057, 0.931764363701923, 0.9320373783421454, 0.9188520994029463, 0.9308348711867944, 0.9248147868134112, 0.9359747769528853, 0.9313452417929979, 0.9222508498399652, 0.9197860498432656, 0.9258408093954256, 0.9272908711352198, 0.9311886387516516, 0.92197084287837, 0.9310378710535993, 0.9314622562848441, 0.9252685049951312, 0.9287779383730079, 0.9306220369582459, 0.9302056007629182, 0.9258600047180933, 0.9228031011571497, 0.9279163163985327, 0.9196998504261354, 0.9237515135966619, 0.9337495445488383, 0.9278001405878922, 0.928005987941522, 0.9215521336342217, 0.931043649276901, 0.9307617218210058, 0.9272912442546987, 0.9308276852238864, 0.9313451100792639]}