{"accuracy_global": [0.10842911877394636, 0.1074712643678161, 0.34444444444444444, 0.39597701149425285, 0.4752873563218391, 0.6400383141762452, 0.6204980842911877, 0.5275862068965518, 0.5651340996168582, 0.5934865900383142, 0.5875478927203065, 0.6660919540229885, 0.6415708812260537, 0.6758620689655173, 0.6411877394636015, 0.6352490421455939, 0.6454022988505748, 0.553448275862069, 0.6344827586206897, 0.6120689655172413, 0.5693486590038315, 0.692911877394636, 0.6781609195402298, 0.710919540229885, 0.6942528735632184, 0.6421455938697318, 0.7090038314176246, 0.7423371647509579, 0.6741379310344827, 0.628735632183908, 0.7245210727969349, 0.596551724137931, 0.6015325670498084, 0.6446360153256705, 0.6226053639846744, 0.7833333333333333, 0.735823754789272, 0.7024904214559387, 0.6591954022988505, 0.714176245210728, 0.6703065134099617, 0.6653256704980843, 0.6754789272030651, 0.6649425287356322, 0.686015325670498, 0.6911877394636016, 0.6668582375478928, 0.671264367816092, 0.6764367816091954, 0.7603448275862069, 0.7166666666666667, 0.6986590038314177, 0.7260536398467433, 0.6779693486590038, 0.803448275862069, 0.7440613026819923, 0.6521072796934866, 0.6862068965517242, 0.6553639846743295, 0.6919540229885057, 0.7408045977011494, 0.6902298850574713, 0.7022988505747126, 0.7111111111111111, 0.7189655172413794, 0.7383141762452107, 0.7101532567049809, 0.7275862068965517, 0.7159003831417624, 0.7406130268199234, 0.7718390804597701, 0.7331417624521073, 0.7576628352490421, 0.742911877394636, 0.7758620689655172, 0.7681992337164751, 0.7628352490421456, 0.7685823754789272, 0.7199233716475095, 0.7044061302681992, 0.6735632183908046, 0.696168582375479, 0.7346743295019157, 0.7584291187739464, 0.7565134099616858, 0.7683908045977011, 0.7567049808429118, 0.7818007662835249, 0.7340996168582375, 0.7168582375478927, 0.7409961685823755, 0.7333333333333333, 0.7490421455938697, 0.7783524904214559, 0.7082375478927203, 0.7787356321839081, 0.7703065134099617, 0.7574712643678161, 0.7383141762452107, 0.7804597701149425], "accuracy_local": [0.909800864427537, 0.9138873181078938, 0.9219926615282678, 0.9198719693992401, 0.9147788301818598, 0.9267202527118782, 0.9292964891031474, 0.9222283302325095, 0.9244717675885533, 0.9303345641443153, 0.9357240395106613, 0.9194902939728326, 0.929009659735074, 0.9267963593706374, 0.9301587919313719, 0.9190714174757443, 0.9236496238446593, 0.9285182599007985, 0.9301210897725166, 0.9229372466586107, 0.9333670078126991, 0.9265962478401898, 0.9300511409501105, 0.930051270472462, 0.9340290649054629, 0.9318778144225194, 0.9365330073496896, 0.9272152117797089, 0.9267543283825929, 0.932356968829852, 0.9320915300786285, 0.9302343852983823, 0.9293750651418795, 0.9248016484562567, 0.9355104598437657, 0.9298203750225487, 0.9338134840721964, 0.9283038379324404, 0.929806508941209, 0.9274255694570869, 0.9270261050768394, 0.9277605019601538, 0.9174766930491929, 0.9317600824382217, 0.941697114902957, 0.932258705953472, 0.9432033449770805, 0.9255082871649712, 0.9338108350822236, 0.9276717273600384, 0.9314052773165774, 0.9282076642705291, 0.9270041613226658, 0.9261563934452702, 0.9231489378906641, 0.937824579111033, 0.931224898075099, 0.925509741352615, 0.9295101897426736, 0.9282638037012012, 0.9323411577920652, 0.9280867410385122, 0.9278716289404415, 0.9302820073036151, 0.9283862432767415, 0.9295128347844963, 0.9337552602153728, 0.9300729114884158, 0.9267544830318816, 0.9302600463728449, 0.922291917113746, 0.9363180160914758, 0.9210030229783893, 0.931526683544844, 0.9297309815265181, 0.9348835050035813, 0.92573191183554, 0.9376784139210024, 0.9380402326128753, 0.938902926380334, 0.9404069289524116, 0.9294255894214277, 0.9410521599753082, 0.927603250483583, 0.9410531538049984, 0.9301547345224869, 0.9263793024480423, 0.9303733011166421, 0.9292166068194354, 0.929218617506828, 0.9259474485195504, 0.9235805678504886, 0.9255103911335706, 0.9251176085407956, 0.9307955383945473, 0.9259543864904921, 0.9294271374774505, 0.9302821446080997, 0.9244701124420956, 0.9280539615354706]}