{"accuracy_global": [0.0992550835514395, 0.12824642641433462, 0.23172941413327963, 0.33199114153412523, 0.4672840748943024, 0.6213005838534327, 0.6051942822629354, 0.6571371048922892, 0.6454600362391786, 0.6450573786994162, 0.5822428024964768, 0.5611032816589491, 0.6080128850412724, 0.6982081739480572, 0.6696194886249245, 0.594523857459231, 0.6215019126233139, 0.5876786792832696, 0.6730420777129051, 0.6676062009261123, 0.7078719549023555, 0.709281256291524, 0.6124421179786591, 0.7118985302999798, 0.7223676263338031, 0.6867324340648279, 0.6714314475538554, 0.5844574189651701, 0.7209583249446346, 0.6593517213609825, 0.6440507348500101, 0.6537145158043084, 0.6937789410106704, 0.6891483793034024, 0.7330380511375075, 0.6889470505335212, 0.7159251056976041, 0.6700221461646869, 0.8087376686128448, 0.7829675860680492, 0.6841151600563721, 0.7729011475739883, 0.7416951882423999, 0.7475337225689551, 0.759613448761828, 0.7797463257499496, 0.6945842560901953, 0.6835111737467284, 0.6676062009261123, 0.6748540366418361, 0.7191463660157037, 0.7215623112542783, 0.7370646265351318, 0.803301791826052, 0.6994161465673445, 0.708274612442118, 0.8026978055164083, 0.786591503925911, 0.8067243809140326, 0.7447151197906181, 0.7906180793235353, 0.8149788604791625, 0.796859271189853, 0.7519629555063418, 0.8182001207972619, 0.6897523656130461, 0.7759210791222065, 0.745520434870143, 0.7368632977652506, 0.6913629957720958, 0.7769277229716126, 0.7668612844775519, 0.7620293940004027, 0.7422991745520435, 0.7135091604590296, 0.7658546406281458, 0.7809542983692369, 0.7737064626535132, 0.749345681497886, 0.7318300785182202, 0.7129051741493859, 0.7441111334809745, 0.7433058184014496, 0.7453191061002618, 0.7960539561103281, 0.7845782162270989, 0.7932353533319911, 0.7058586672035434, 0.7461244211797866, 0.7205556674048722, 0.8383329977853835, 0.8139722166297564, 0.7781356955908999, 0.7221662975639219, 0.756794845983491, 0.7767263942017314, 0.7576001610630159, 0.7157237769277229, 0.7384739279243003, 0.8409502717938393], "accuracy_local": [0.8134062986307107, 0.8545215553470853, 0.8612650313940153, 0.882549632744671, 0.8751224379745492, 0.8824366137526056, 0.8971671937690207, 0.8939608600346601, 0.9107265371055686, 0.910291188316758, 0.912870126340923, 0.9132634198793395, 0.9171852672388064, 0.9105700563738327, 0.9222800470988277, 0.9021724119368049, 0.914037059988882, 0.9085421057842403, 0.9162814923162973, 0.910018660247672, 0.9140947297454267, 0.914302102701013, 0.9205081901041922, 0.9216122781476389, 0.913862001164851, 0.9156600429350074, 0.9201671934272345, 0.924043144471901, 0.9191762679250206, 0.9285292235515155, 0.9256026753334886, 0.9256267723843908, 0.9176924511536638, 0.9278156287003013, 0.9267396471773308, 0.9176133233811524, 0.9181184821126266, 0.9249249535827506, 0.9212956550816237, 0.9234885432686559, 0.9269987761463298, 0.9309108679539888, 0.9226046037201002, 0.9170115671841608, 0.9143189903342284, 0.9337625863956867, 0.9264891353338751, 0.9396476889058015, 0.9253861179474351, 0.9211121666882318, 0.9297309009705897, 0.9274013607833717, 0.9271795994399925, 0.914081519063071, 0.9261681998712179, 0.9169956086532991, 0.9313447510792829, 0.9248232736313539, 0.9216999705019249, 0.9267713088013021, 0.9210713629297173, 0.9168189713595113, 0.917922816756025, 0.9157023490669219, 0.924381623739072, 0.926046570797916, 0.9203737511030076, 0.9264935221147782, 0.9283670505416834, 0.9371546970570466, 0.9203783771926152, 0.9276716125955606, 0.9230393355823655, 0.9361408812978049, 0.9302516668947534, 0.9246036510462078, 0.9201686552573891, 0.9210376459632537, 0.925936166589675, 0.9270468267715127, 0.934236832313225, 0.9344560316636024, 0.9352965024588128, 0.9333642984370975, 0.9297363454594202, 0.9290428518595255, 0.9323201735460022, 0.9319378490018477, 0.9444153294688726, 0.9339760836862264, 0.920625620844563, 0.919264554576694, 0.9276743050067527, 0.942824872455693, 0.9350797626101798, 0.9244642556902342, 0.9365983356466806, 0.932906742268228, 0.9363185353569159, 0.9298634112326447]}