{"accuracy_global": [0.10245984956291929, 0.17869485667818663, 0.22199634071965846, 0.36145558040252085, 0.3533238463102257, 0.37223012807481193, 0.5476722911160805, 0.4641187233177475, 0.5885342549298638, 0.5608863590160602, 0.5436064240699329, 0.6334620857897947, 0.7139662533035169, 0.6511486074405367, 0.7243342142711934, 0.5909737751575523, 0.7263671477942671, 0.678593210002033, 0.7025818255743037, 0.7072575726773734, 0.8186623297418174, 0.7027851189266111, 0.7084773327912177, 0.8127668225249034, 0.7509656434234601, 0.7851189266110998, 0.7300264281358, 0.667412075625127, 0.7529985769465338, 0.7320593616588738, 0.6688351290912787, 0.6714779426712747, 0.648099207155926, 0.7145761333604391, 0.6745273429558853, 0.7672291116080504, 0.7757674324049604, 0.7666192315511283, 0.775564139052653, 0.745070136206546, 0.8365521447448668, 0.7924374872941655, 0.7895913803618622, 0.809310835535678, 0.7265704411465745, 0.8198820898556617, 0.6938402114250865, 0.8292335840618011, 0.819475503151047, 0.7855255133157146, 0.8261841837771905, 0.799146167920309, 0.8186623297418174, 0.7485261231957715, 0.8412278918479366, 0.8121569424679813, 0.7566578572880667, 0.7432404960357797, 0.7255539743850377, 0.7649928847326692, 0.6848953039235617, 0.8113437690587518, 0.7196584671681237, 0.8103273022972148, 0.7727180321203496, 0.7725147387680423, 0.7580809107542184, 0.7922341939418581, 0.7717015653588127, 0.8235413701971945, 0.8176458629802805, 0.7719048587111201, 0.8233380768448871, 0.7338890018296401, 0.8235413701971945, 0.8261841837771905, 0.8221183167310429, 0.7875584468387884, 0.8182557430372027, 0.807684488717219, 0.8174425696279731, 0.8172392762756658, 0.8186623297418174, 0.8056515551941451, 0.8032120349664565, 0.8007725147387681, 0.8131734092295182, 0.8304533441756454, 0.807684488717219, 0.7607237243342143, 0.8123602358202887, 0.8576946533848343, 0.7694653384834316, 0.7942671274649319, 0.842041065257166, 0.7424273226265501, 0.7822728196787965, 0.8084976621264485, 0.816832689571051, 0.8121569424679813], "accuracy_local": [0.857807759315561, 0.9029128977933063, 0.8885505487172334, 0.9038265848424083, 0.9063021885788133, 0.8944254237415706, 0.9056774384653574, 0.9081854277663681, 0.9166399426524003, 0.9109294601855504, 0.9154523412534635, 0.9077307648974896, 0.9195554924714776, 0.9256210191641714, 0.9066070999395602, 0.9174287206825731, 0.9236020414236222, 0.9083367906681837, 0.9230823147356827, 0.9230803736421404, 0.9118391711287892, 0.9227463806273037, 0.9154554748216678, 0.9273714834194444, 0.9227455052491239, 0.9214362605183261, 0.9273724037587467, 0.9181082129686797, 0.9228570910851206, 0.9297809064667646, 0.9278906370825376, 0.931137803916298, 0.9258481406192446, 0.9309673805514678, 0.9061489507477501, 0.9321367533194933, 0.9221630505496621, 0.9302330534807413, 0.9210412567739296, 0.9408248792554363, 0.9239534067251058, 0.9319316283052427, 0.9269073213371282, 0.9394380568909239, 0.9188085470387537, 0.9283474980108016, 0.9280051346597474, 0.9228100773337844, 0.9410565541114692, 0.9295728483488735, 0.9247611649814609, 0.9171512853922742, 0.9310297885546736, 0.9217167412012149, 0.9244083869440979, 0.9196867102420561, 0.9311362790373642, 0.933449398030677, 0.9332435631638837, 0.9319129601010523, 0.9329396396650029, 0.9435976831003222, 0.9296676875154316, 0.9249832034321455, 0.9333982144912498, 0.9318140453804286, 0.9292451433760399, 0.9278117965232564, 0.9313686079235031, 0.9246426263381138, 0.9278856039463378, 0.9310095744449578, 0.9270033465005901, 0.9352162316141427, 0.9370133819475153, 0.9431413429520586, 0.9283439880991899, 0.9247591700731049, 0.930142218707943, 0.9258086059426465, 0.9191629591038916, 0.9380569815692491, 0.929200301972526, 0.931477319009903, 0.925538287754496, 0.9198352155974474, 0.9292501718020039, 0.9316896331869444, 0.929669863732357, 0.9301105658195699, 0.9281145062326086, 0.9392297941448446, 0.9213301459359243, 0.9285813953689507, 0.9369252953216294, 0.9163565848744112, 0.9280800226179238, 0.9277756527624471, 0.9336856543953945, 0.9315898554536067]}