{"accuracy_global_pfedme": [0.5874773505133883, 0.7068653110529495, 0.7441111334809745, 0.7219649687940407, 0.7529695993557479, 0.7813569559089995, 0.7590094624521844, 0.770686531105295, 0.756794845983491, 0.780148983289712, 0.7902154217837729, 0.7970605999597342, 0.8141735453996376, 0.7924300382524663, 0.770686531105295, 0.7841755586873365, 0.8047110932152205, 0.8115562713911818, 0.8053150795248641, 0.8113549426213006, 0.8260519428226294, 0.7974632574994966, 0.8147775317092812, 0.8188041071069055, 0.8111536138514194, 0.8008858465874773, 0.8234346688141736, 0.7535735856653916, 0.825649285282867, 0.822025367425005, 0.8008858465874773, 0.8242399838936985, 0.8105496275417757, 0.8318904771491846, 0.8109522850815382, 0.8286692168310852, 0.8075296959935575, 0.820213408496074, 0.8387356553251459, 0.8306825045298973, 0.8103482987718945, 0.7875981477753171, 0.8186027783370243, 0.8077310247634387, 0.8216227098852426, 0.8232333400442924, 0.8306825045298973, 0.831286490839541, 0.811757600161063, 0.8385343265552647, 0.8345077511576404, 0.8113549426213006, 0.828467888061204, 0.8268572579021543, 0.8377290114757399, 0.7998792027380712, 0.8045097644453393, 0.8417555868733642, 0.8417555868733642, 0.8361183813166901, 0.813569559089994, 0.8272599154419167, 0.8300785182202537, 0.803301791826052, 0.7805516408294745, 0.8399436279444332, 0.8204147372659553, 0.8421582444131266, 0.8037044493658144, 0.831286490839541, 0.8492047513589692, 0.828467888061204, 0.8447755184215825, 0.8423595731830078, 0.8437688745721764, 0.8373263539359774, 0.820213408496074, 0.825649285282867, 0.8435675458022951, 0.8530299979867123, 0.8188041071069055, 0.8139722166297564, 0.836923696396215, 0.8371250251660962, 0.8304811757600161, 0.8552446144554057, 0.8353130662371653, 0.8510167102879002, 0.8540366418361184, 0.8457821622709886, 0.822025367425005, 0.8449768471914637, 0.842560901952889, 0.8492047513589692, 0.8395409704046708, 0.8190054358767868, 0.8471914636601571, 0.8359170525468089, 0.8252466277431045, 0.8268572579021543], "accuracy_local_pfedme": [0.7073825503355705, 0.746527078719549, 0.8028991342862896, 0.7652506543185021, 0.789410106704248, 0.8083350110730824, 0.7580028186027783, 0.8024964767465271, 0.7662572981679082, 0.8210187235755989, 0.7948459834910409, 0.7769277229716126, 0.8161868330984497, 0.7787396819005435, 0.7509563116569358, 0.7646466680088585, 0.8387356553251459, 0.8405476142540769, 0.7449164485604993, 0.7992752164284276, 0.8063217233742702, 0.7664586269377894, 0.834105093617878, 0.8403462854841957, 0.8326957922287095, 0.7892087779343668, 0.8371250251660962, 0.7799476545198308, 0.8671230118783975, 0.7775317092812563, 0.702637406885444, 0.8071270384537951, 0.831286490839541, 0.8711495872760218, 0.7644453392389773, 0.822025367425005, 0.796859271189853, 0.7366619689953694, 0.8314878196094222, 0.8566539158445742, 0.8522246829071874, 0.8182001207972619, 0.8190054358767868, 0.7849808737668613, 0.779142339440306, 0.8161868330984497, 0.7682705858667204, 0.7747131065029192, 0.7990738876585464, 0.8026978055164083, 0.8506140527481377, 0.8059190658345078, 0.8431648882625327, 0.822025367425005, 0.8830279846990134, 0.8004831890477149, 0.8153815180189249, 0.8236359975840548, 0.7845782162270989, 0.8588685323132675, 0.7420978457821623, 0.8506140527481377, 0.8258506140527482, 0.759613448761828, 0.8282665592913228, 0.8212200523454801, 0.8709482585061405, 0.8634990940205355, 0.7720958324944635, 0.8246426414334609, 0.8278639017515603, 0.8526273404469499, 0.8252466277431045, 0.862089792631367, 0.8645057378699416, 0.8488020938192068, 0.8628951077108918, 0.8427622307227702, 0.8423595731830078, 0.8671230118783975, 0.8431648882625327, 0.8596738473927924, 0.7300181195892893, 0.8691362995772096, 0.8725588886651903, 0.8747735051338836, 0.759613448761828, 0.8707469297362593, 0.8419569156432454, 0.8169921481779746, 0.7851822025367425, 0.768874572176364, 0.8330984497684719, 0.8562512583048117, 0.8677269981880411, 0.8024964767465271, 0.8391383128649084, 0.8606804912421985, 0.8306825045298973, 0.8552446144554057], "accuracy_personalized_pfedme": [0.7073825503355705, 0.746527078719549, 0.8028991342862896, 0.7652506543185021, 0.789410106704248, 0.8083350110730824, 0.7580028186027783, 0.8024964767465271, 0.7662572981679082, 0.8210187235755989, 0.7948459834910409, 0.7769277229716126, 0.8161868330984497, 0.7787396819005435, 0.7509563116569358, 0.7646466680088585, 0.8387356553251459, 0.8405476142540769, 0.7449164485604993, 0.7992752164284276, 0.8063217233742702, 0.7664586269377894, 0.834105093617878, 0.8403462854841957, 0.8326957922287095, 0.7892087779343668, 0.8371250251660962, 0.7799476545198308, 0.8671230118783975, 0.7775317092812563, 0.702637406885444, 0.8071270384537951, 0.831286490839541, 0.8711495872760218, 0.7644453392389773, 0.822025367425005, 0.796859271189853, 0.7366619689953694, 0.8314878196094222, 0.8566539158445742, 0.8522246829071874, 0.8182001207972619, 0.8190054358767868, 0.7849808737668613, 0.779142339440306, 0.8161868330984497, 0.7682705858667204, 0.7747131065029192, 0.7990738876585464, 0.8026978055164083, 0.8506140527481377, 0.8059190658345078, 0.8431648882625327, 0.822025367425005, 0.8830279846990134, 0.8004831890477149, 0.8153815180189249, 0.8236359975840548, 0.7845782162270989, 0.8588685323132675, 0.7420978457821623, 0.8506140527481377, 0.8258506140527482, 0.759613448761828, 0.8282665592913228, 0.8212200523454801, 0.8709482585061405, 0.8634990940205355, 0.7720958324944635, 0.8246426414334609, 0.8278639017515603, 0.8526273404469499, 0.8252466277431045, 0.862089792631367, 0.8645057378699416, 0.8488020938192068, 0.8628951077108918, 0.8427622307227702, 0.8423595731830078, 0.8671230118783975, 0.8431648882625327, 0.8596738473927924, 0.7300181195892893, 0.8691362995772096, 0.8725588886651903, 0.8747735051338836, 0.759613448761828, 0.8707469297362593, 0.8419569156432454, 0.8169921481779746, 0.7851822025367425, 0.768874572176364, 0.8330984497684719, 0.8562512583048117, 0.8677269981880411, 0.8024964767465271, 0.8391383128649084, 0.8606804912421985, 0.8306825045298973, 0.8552446144554057]}