{"accuracy_global_pfedme": [0.5227045409081816, 0.6801360272054411, 0.6589317863572715, 0.6883376675335067, 0.7429485897179436, 0.7389477895579116, 0.7551510302060412, 0.7793558711742349, 0.7513502700540108, 0.7065413082616523, 0.7775555111022204, 0.782756551310262, 0.7441488297659532, 0.7759551910382076, 0.78375675135027, 0.7705541108221644, 0.7745549109821964, 0.785757151430286, 0.8011602320464093, 0.8087617523504701, 0.7893578715743149, 0.7719543908781756, 0.7983596719343868, 0.7993598719743948, 0.7843568713742749, 0.7935587117423485, 0.8087617523504701, 0.8101620324064813, 0.7989597919583917, 0.7813562712542509, 0.8229645929185837, 0.8203640728145629, 0.7981596319263853, 0.8023604720944189, 0.7999599919983997, 0.780756151230246, 0.8181636327265454, 0.7821564312862572, 0.7667533506701341, 0.8015603120624125, 0.7875575115023005, 0.8233646729345869, 0.8139627925585117, 0.8241648329665933, 0.8021604320864173, 0.8033606721344269, 0.7983596719343868, 0.7997599519903981, 0.789757951590318, 0.8143628725745149, 0.7835567113422685, 0.8163632726545309, 0.8225645129025805, 0.8029605921184236, 0.8219643928785757, 0.7865573114622925, 0.8043608721744349, 0.78375675135027, 0.8361672334466893, 0.8169633926785357, 0.7805561112222444, 0.8315663132626525, 0.8341668333666733, 0.8039607921584316, 0.8387677535507101, 0.8355671134226845, 0.8021604320864173, 0.8249649929985997, 0.8305661132226445, 0.8399679935987198, 0.7705541108221644, 0.8239647929585917, 0.8117623524704941, 0.8081616323264653, 0.8209641928385677, 0.8319663932786557, 0.8197639527905581, 0.8189637927585517, 0.8367673534706941, 0.8217643528705741, 0.8381676335267053, 0.8241648329665933, 0.8407681536307261, 0.8389677935587118, 0.8355671134226845, 0.8371674334866973, 0.7943588717743548, 0.8191638327665534, 0.8235647129425885, 0.8281656331266253, 0.8179635927185437, 0.8151630326065213, 0.834366873374675, 0.8181636327265454, 0.8319663932786557, 0.8279655931186237, 0.8297659531906382, 0.840368073614723, 0.8399679935987198, 0.8483696739347869], "accuracy_local_pfedme": [0.6588973554459884, 0.7223444688937788, 0.7431486297259452, 0.7885577115423085, 0.7813562712542509, 0.735747149429886, 0.7545509101820365, 0.8203640728145629, 0.7667533506701341, 0.8001600320064013, 0.7839567913582717, 0.7713542708541709, 0.736747349469894, 0.7701540308061612, 0.7885577115423085, 0.8311662332466493, 0.8275655131026205, 0.7801560312062412, 0.7813562712542509, 0.7839567913582717, 0.8055611122224445, 0.8077615523104621, 0.8415683136627325, 0.7269453890778156, 0.7761552310462092, 0.8119623924784957, 0.7765553110622124, 0.8027605521104221, 0.7767553510702141, 0.7943588717743548, 0.8133626725345069, 0.835367073414683, 0.8563712742548509, 0.8073614722944589, 0.8499699939987998, 0.8141628325665133, 0.8581716343268654, 0.7989597919583917, 0.7609521904380876, 0.8555711142228446, 0.7411482296459292, 0.8395679135827165, 0.8321664332866573, 0.8181636327265454, 0.8205641128225645, 0.8019603920784156, 0.7629525905181036, 0.7539507901580316, 0.7823564712942589, 0.8305661132226445, 0.78375675135027, 0.834366873374675, 0.77875575115023, 0.8259651930386077, 0.8529705941188238, 0.8027605521104221, 0.7559511902380476, 0.795759151830366, 0.865373074614923, 0.8525705141028206, 0.8255651130226045, 0.7709541908381676, 0.8417683536707341, 0.8149629925985197, 0.8439687937587518, 0.787757551510302, 0.6817363472694539, 0.8291658331666333, 0.8013602720544108, 0.8419683936787358, 0.8251650330066013, 0.789757951590318, 0.7835567113422685, 0.796759351870374, 0.7989597919583917, 0.8175635127025405, 0.8069613922784556, 0.8573714742948589, 0.7665533106621324, 0.8609721944388877, 0.8199639927985597, 0.8557711542308462, 0.8233646729345869, 0.8545709141828366, 0.8057611522304461, 0.8045609121824365, 0.7959591918383677, 0.8325665133026605, 0.8455691138227646, 0.8551710342068414, 0.830366073214643, 0.8187637527505501, 0.8579715943188637, 0.8147629525905181, 0.754750950190038, 0.8075615123024605, 0.8667733546709342, 0.8311662332466493, 0.8577715543108622, 0.7943588717743548], "accuracy_personalized_pfedme": [0.6588973554459884, 0.7223444688937788, 0.7431486297259452, 0.7885577115423085, 0.7813562712542509, 0.735747149429886, 0.7545509101820365, 0.8203640728145629, 0.7667533506701341, 0.8001600320064013, 0.7839567913582717, 0.7713542708541709, 0.736747349469894, 0.7701540308061612, 0.7885577115423085, 0.8311662332466493, 0.8275655131026205, 0.7801560312062412, 0.7813562712542509, 0.7839567913582717, 0.8055611122224445, 0.8077615523104621, 0.8415683136627325, 0.7269453890778156, 0.7761552310462092, 0.8119623924784957, 0.7765553110622124, 0.8027605521104221, 0.7767553510702141, 0.7943588717743548, 0.8133626725345069, 0.835367073414683, 0.8563712742548509, 0.8073614722944589, 0.8499699939987998, 0.8141628325665133, 0.8581716343268654, 0.7989597919583917, 0.7609521904380876, 0.8555711142228446, 0.7411482296459292, 0.8395679135827165, 0.8321664332866573, 0.8181636327265454, 0.8205641128225645, 0.8019603920784156, 0.7629525905181036, 0.7539507901580316, 0.7823564712942589, 0.8305661132226445, 0.78375675135027, 0.834366873374675, 0.77875575115023, 0.8259651930386077, 0.8529705941188238, 0.8027605521104221, 0.7559511902380476, 0.795759151830366, 0.865373074614923, 0.8525705141028206, 0.8255651130226045, 0.7709541908381676, 0.8417683536707341, 0.8149629925985197, 0.8439687937587518, 0.787757551510302, 0.6817363472694539, 0.8291658331666333, 0.8013602720544108, 0.8419683936787358, 0.8251650330066013, 0.789757951590318, 0.7835567113422685, 0.796759351870374, 0.7989597919583917, 0.8175635127025405, 0.8069613922784556, 0.8573714742948589, 0.7665533106621324, 0.8609721944388877, 0.8199639927985597, 0.8557711542308462, 0.8233646729345869, 0.8545709141828366, 0.8057611522304461, 0.8045609121824365, 0.7959591918383677, 0.8325665133026605, 0.8455691138227646, 0.8551710342068414, 0.830366073214643, 0.8187637527505501, 0.8579715943188637, 0.8147629525905181, 0.754750950190038, 0.8075615123024605, 0.8667733546709342, 0.8311662332466493, 0.8577715543108622, 0.7943588717743548]}