{"accuracy_global_pfedme": [0.5262734044694987, 0.625327159251057, 0.6424401046909604, 0.6702234749345681, 0.7404872156231126, 0.7328367223676263, 0.7239782564928529, 0.776323736661969, 0.780148983289712, 0.7416951882423999, 0.779142339440306, 0.7638413529293336, 0.7608214213811154, 0.7477350513388363, 0.7787396819005435, 0.7960539561103281, 0.7803503120595933, 0.7958526273404469, 0.811757600161063, 0.7882021340849608, 0.8210187235755989, 0.8246426414334609, 0.7898127642440105, 0.8071270384537951, 0.8276625729816791, 0.8188041071069055, 0.8260519428226294, 0.8208173948057177, 0.7970605999597342, 0.8198107509563116, 0.8216227098852426, 0.7964566136500906, 0.8353130662371653, 0.8006845178175961, 0.8343064223877592, 0.8314878196094222, 0.8324944634588283, 0.8196094221864304, 0.8095429836923697, 0.8375276827058586, 0.8481981075095631, 0.8453795047312261, 0.8389369840950271, 0.8272599154419167, 0.8236359975840548, 0.8403462854841957, 0.8387356553251459, 0.8270585866720355, 0.8347090799275216, 0.8302798469901349, 0.8479967787396819, 0.8359170525468089, 0.8399436279444332, 0.8481981075095631, 0.8441715321119388, 0.8246426414334609, 0.8383329977853835, 0.8387356553251459, 0.8268572579021543, 0.8437688745721764, 0.8353130662371653, 0.8218240386551238, 0.8415542581034829, 0.8246426414334609, 0.8363197100865714, 0.8361183813166901, 0.8393396416347896, 0.8200120797261928, 0.8204147372659553, 0.8314878196094222, 0.8357157237769277, 0.8347090799275216, 0.8413529293336017, 0.8367223676263338, 0.8377290114757399, 0.8248439702033421, 0.8306825045298973, 0.8240386551238172, 0.8419569156432454, 0.8371250251660962, 0.8411516005637205, 0.8258506140527482, 0.8379303402456211, 0.8381316690155023, 0.8288705456009664, 0.8264546003623918, 0.8314878196094222, 0.8401449567143144, 0.8405476142540769, 0.8194080934165492, 0.8377290114757399, 0.8335011073082343, 0.8401449567143144, 0.8407489430239581, 0.8457821622709886, 0.8403462854841957, 0.8250452989732233, 0.8316891483793034, 0.8391383128649084, 0.8306825045298973], "accuracy_local_pfedme": [0.8153396363600273, 0.823517172890301, 0.8394366986384237, 0.8539932679738295, 0.8589308838612597, 0.855477115767294, 0.8637715698429594, 0.8650844660333845, 0.8670257395245878, 0.8536369388537671, 0.8827441648351534, 0.8710031857086853, 0.8740779868769168, 0.8921687571294895, 0.8910972553801602, 0.8869605130457788, 0.8864084503541813, 0.8829627789630853, 0.9097002940807172, 0.8887945397227306, 0.8951861994060677, 0.8830005337391743, 0.9027945212414192, 0.8921887228926159, 0.888573201675892, 0.8829623752151238, 0.8930650657905124, 0.8943072978521643, 0.900733051033508, 0.894579180498027, 0.8912829668077954, 0.9019891851135107, 0.8965040563499626, 0.9076189603911973, 0.9065664280013512, 0.9121992230446838, 0.8913020332287704, 0.8849929458901689, 0.8871587073763167, 0.9044201461035231, 0.9043230789130645, 0.902516162474113, 0.889240412821046, 0.906779596757401, 0.9022690355828276, 0.897567973532553, 0.9194564177782101, 0.9004612958570234, 0.9121932579220189, 0.9083389508961107, 0.9029107308382343, 0.8930231430057622, 0.8995855167078853, 0.8948554134803702, 0.8995533815429032, 0.9024933713233191, 0.9001008424019233, 0.9021408788616522, 0.900156170399057, 0.8988773931905121, 0.9153720849814034, 0.9008091604345634, 0.8969434740438621, 0.9099283033925304, 0.9005795862973093, 0.9098570636238646, 0.9087923600640383, 0.9101682822387736, 0.9025099581783806, 0.9119730865015943, 0.9012534529241093, 0.9180951978673499, 0.9096373831564636, 0.9074486442311225, 0.9045068033060598, 0.9081006624906034, 0.8929938672660995, 0.9079328094802261, 0.8974687889285753, 0.9076663154993428, 0.9041956562533386, 0.9116110191353035, 0.9045097024281984, 0.908951132415718, 0.9228574288903572, 0.9078402641603287, 0.8872439207920992, 0.9082189468508606, 0.8951358830608784, 0.9149181355891459, 0.9129491684938883, 0.9124226157739054, 0.8997980892435972, 0.897917737788435, 0.894406992547225, 0.8921262409393164, 0.9065586343215218, 0.9085549353911706, 0.9014694549786434, 0.900244363011617], "accuracy_personalized_pfedme": [0.7095264921964242, 0.7082299478848166, 0.739824503583544, 0.807137843935109, 0.7859996806360962, 0.7590706009441254, 0.7662145232870688, 0.8239842082364897, 0.7649342243676978, 0.6810968897686249, 0.7976523117100138, 0.7653521420620325, 0.7361868861686154, 0.8031612552520128, 0.8062553894486997, 0.7584417775307725, 0.8031022036511348, 0.816891645753886, 0.825980123853075, 0.7973057042531547, 0.8325520354866555, 0.7890534373209954, 0.805321864765306, 0.814602370326178, 0.8147075651187018, 0.730745275600599, 0.7393802124065957, 0.7499528225232507, 0.7545865967090485, 0.7604864893448197, 0.7937804428516108, 0.8545864644384458, 0.8294859837108811, 0.8723028990612677, 0.8530461249231333, 0.7696851693910186, 0.7577967802394961, 0.802437467775563, 0.7979212418575843, 0.8268272277446417, 0.8175547727085852, 0.8261079019514902, 0.8223034888237272, 0.840131037913028, 0.808211408258494, 0.8328624666503772, 0.8479961226914325, 0.7972054378132214, 0.7881101129459629, 0.7960374335930342, 0.8353339629461929, 0.7943047198845429, 0.8505733587626351, 0.8145242564295061, 0.7732006562501919, 0.7697316711012376, 0.8392015570675236, 0.7973912906994015, 0.8187755662908002, 0.8420763124597583, 0.8779395158796918, 0.8237631356661232, 0.735432972830232, 0.7346079796479272, 0.8147080875926823, 0.8574092550933596, 0.8747689550474498, 0.8376119377787291, 0.8216706722981612, 0.8248465251041479, 0.8529871140122885, 0.8588561818656829, 0.8471124066547248, 0.8662672360159969, 0.8083467897871321, 0.8714751747519647, 0.7016189641622611, 0.8081843306820862, 0.8305044426649038, 0.8448991469683366, 0.8347731121996318, 0.86642923771197, 0.8629883977046833, 0.8796303411482452, 0.8073572024475438, 0.8569819108925921, 0.8046852903776415, 0.83614516211061, 0.8080628794955523, 0.8393500613485374, 0.8365496089239355, 0.7776404478595187, 0.824219275012802, 0.8302939130686289, 0.7796157225128764, 0.795547194594817, 0.7648655098577386, 0.8653632021936102, 0.810966119114525, 0.7796324847278117]}