{"accuracy_global_pfedme": [0.49865384615384617, 0.7115384615384616, 0.7286538461538462, 0.7236538461538462, 0.71, 0.7530769230769231, 0.7509615384615385, 0.7509615384615385, 0.7342307692307692, 0.7561538461538462, 0.7715384615384615, 0.78, 0.7809615384615385, 0.8053846153846154, 0.7998076923076923, 0.7930769230769231, 0.7361538461538462, 0.7928846153846154, 0.8023076923076923, 0.8046153846153846, 0.8048076923076923, 0.7932692307692307, 0.7984615384615384, 0.8121153846153846, 0.7955769230769231, 0.813076923076923, 0.8253846153846154, 0.828076923076923, 0.7771153846153847, 0.8126923076923077, 0.8017307692307692, 0.7948076923076923, 0.7936538461538462, 0.8051923076923077, 0.8205769230769231, 0.8040384615384616, 0.8078846153846154, 0.8273076923076923, 0.7959615384615385, 0.791923076923077, 0.8032692307692307, 0.8090384615384615, 0.8246153846153846, 0.8040384615384616, 0.8007692307692308, 0.8328846153846153, 0.8371153846153846, 0.7690384615384616, 0.8036538461538462, 0.8159615384615385, 0.8196153846153846, 0.8040384615384616, 0.8182692307692307, 0.8417307692307693, 0.8088461538461539, 0.8234615384615385, 0.8376923076923077, 0.8355769230769231, 0.816923076923077, 0.8236538461538462, 0.8078846153846154, 0.8344230769230769, 0.8398076923076923, 0.8423076923076923, 0.8240384615384615, 0.8144230769230769, 0.8198076923076923, 0.7965384615384615, 0.8409615384615384, 0.815, 0.8321153846153846, 0.8373076923076923, 0.8407692307692308, 0.8244230769230769, 0.8444230769230769, 0.8157692307692308, 0.8336538461538462, 0.8246153846153846, 0.8426923076923077, 0.83, 0.8146153846153846, 0.8378846153846153, 0.8198076923076923, 0.8184615384615385, 0.8251923076923077, 0.8338461538461538, 0.8311538461538461, 0.8240384615384615, 0.8319230769230769, 0.8057692307692308, 0.8359615384615384, 0.8209615384615384, 0.7994230769230769, 0.8257692307692308, 0.835, 0.8226923076923077, 0.8011538461538461, 0.8201923076923077, 0.8326923076923077, 0.8342307692307692], "accuracy_local_pfedme": [0.8317630311176789, 0.8700135363845419, 0.8531797744755687, 0.8785295572116462, 0.8732894815635308, 0.8998296512630367, 0.9008541172592455, 0.8865966261091565, 0.9035488183289683, 0.9069869166279776, 0.8260243596631546, 0.9000182685313172, 0.8979751427472439, 0.9031879776742208, 0.9160418910789166, 0.9101068186856781, 0.8721384373512885, 0.8928190552707465, 0.8953963007194651, 0.9111106356392746, 0.9208757182425121, 0.8925993224059917, 0.9090220493095218, 0.897206629474408, 0.911308839068809, 0.9100924349990134, 0.8900105217298591, 0.9009799599078524, 0.9356586477896021, 0.9103281103434824, 0.8882099678529161, 0.9304231096507247, 0.900946778524135, 0.8817259539371852, 0.8960264986234091, 0.9043038660983722, 0.9155066139385017, 0.9111963096815295, 0.9177535479368061, 0.9117443166449137, 0.9153767238585993, 0.9098408780704444, 0.9293345592603928, 0.9031763430834935, 0.9031864079958061, 0.9248992961432905, 0.9147857037766192, 0.88110822483069, 0.9160350259761147, 0.9225978488545931, 0.8980305438531744, 0.9146975545110686, 0.8994446425260417, 0.9202370850988465, 0.913497593536829, 0.9164466501611547, 0.9007132587954653, 0.9175751737904289, 0.9179056981849009, 0.936349560304157, 0.9316347450076635, 0.9154271330696961, 0.9148558675528117, 0.9067669259465723, 0.8985803609764031, 0.9220324784322932, 0.9400605193816334, 0.9263020708236421, 0.9144637852308907, 0.9043676423786824, 0.9044226301001259, 0.9389681276947767, 0.9119037513644117, 0.9194540953589099, 0.9088410685939255, 0.9123958731568121, 0.9061037470300561, 0.9174700476508458, 0.9199397702124573, 0.9298282904526077, 0.9067182531288946, 0.9116010483922965, 0.9242993273856298, 0.9288556895941612, 0.9096539607575215, 0.9086697661696498, 0.9340925714317692, 0.9001557171384859, 0.9026040611485437, 0.9266230598773494, 0.9343354565363376, 0.9321054537865963, 0.9039072530662515, 0.9170950593997439, 0.9350890253217279, 0.9208385957461785, 0.9376149514945672, 0.9170770861389579, 0.9162214141607256, 0.9138758951963102], "accuracy_personalized_pfedme": [0.7959244289232441, 0.8103931850884023, 0.8200097157955877, 0.8258365375147803, 0.8145720347723315, 0.7838274347782249, 0.8088038262877094, 0.8578433680764025, 0.8582385036809829, 0.8016104686491041, 0.7144834845391415, 0.8184119803960436, 0.7811303710422798, 0.8438159635400174, 0.839723361436304, 0.839227885207102, 0.8314957056631297, 0.8087575103705, 0.8464504792450142, 0.8050173726560761, 0.817349839837661, 0.804056477875151, 0.8771574909900162, 0.8019546868946784, 0.8763762897937774, 0.8605192116631581, 0.808548609519849, 0.7974311670092562, 0.8715657242889773, 0.8388204568832203, 0.8062697837333241, 0.8406674304888735, 0.8360001134471525, 0.79691039903368, 0.8117635511866934, 0.8590603844736094, 0.8437245386901563, 0.7736023265167802, 0.818395719673789, 0.7975445474353481, 0.8217359336349418, 0.8182115931460651, 0.8165509127212536, 0.7887964342102192, 0.8443345477323111, 0.8456166769837236, 0.9062628691653319, 0.8446690141575145, 0.86948975250321, 0.8831966761289279, 0.779263186577668, 0.8778541658932679, 0.7986484772284903, 0.8841409573075758, 0.875081449805895, 0.8430593304955892, 0.815540212907106, 0.8831637549179502, 0.8915226103456368, 0.8722044635725593, 0.8890631424603562, 0.8549792624486785, 0.786823965168784, 0.8894990525242493, 0.7976414770658118, 0.8409564912549409, 0.8999340312288971, 0.8718874567736941, 0.8377106715197249, 0.7456892036610484, 0.8780629480840262, 0.887648751905604, 0.8661302637591088, 0.8600419569416061, 0.8776599462027346, 0.8553058452500588, 0.8558610928427269, 0.8292429505971836, 0.8765699957965747, 0.8208447800615065, 0.8500687211455924, 0.8461619305734193, 0.879603151150439, 0.8903511003026296, 0.8880097721921744, 0.8463602993474021, 0.827112513980432, 0.8230411100037102, 0.7854880260941006, 0.876275917037342, 0.8880947078686062, 0.8128962576491564, 0.8326930223250226, 0.7825371795541806, 0.9190417777181127, 0.82920477467177, 0.8999388803362708, 0.8358174183741948, 0.871971774207018, 0.8128694161313437]}