{"accuracy_global_pfedme": [0.5012185215272137, 0.6669374492282697, 0.7073517465475223, 0.7179122664500406, 0.7548740861088545, 0.7327376116978067, 0.7550771730300568, 0.775182778229082, 0.761779041429732, 0.7768074735987003, 0.7619821283509342, 0.787774167343623, 0.7696994313566207, 0.7920389926888708, 0.7893988627132412, 0.8028025995125914, 0.7855402112103981, 0.8028025995125914, 0.8164094232331438, 0.8038180341186028, 0.824735987002437, 0.8135662063363119, 0.8178310316815597, 0.7867587327376117, 0.818034118602762, 0.8133631194151096, 0.8184402924451666, 0.7920389926888708, 0.815800162469537, 0.8253452477660439, 0.7845247766043867, 0.7993501218521527, 0.8220958570268074, 0.829203899268887, 0.829813160032494, 0.8125507717303005, 0.8172217709179529, 0.811332250203087, 0.8021933387489846, 0.8009748172217709, 0.8257514216084484, 0.8168155970755483, 0.8316409423233144, 0.7940698619008936, 0.8216896831844029, 0.8168155970755483, 0.8174248578391552, 0.8068643379366369, 0.8369212022745736, 0.811332250203087, 0.8149878147847278, 0.8044272948822095, 0.8312347684809098, 0.8348903330625508, 0.8204711616571893, 0.8354995938261576, 0.8200649878147848, 0.8245329000812348, 0.8322502030869212, 0.8222989439480097, 0.8403736799350122, 0.8320471161657189, 0.8312347684809098, 0.8314378554021121, 0.8277822908204712, 0.8151909017059301, 0.8371242891957758, 0.8287977254264826, 0.8367181153533713, 0.8332656376929326, 0.8277822908204712, 0.8395613322502031, 0.8251421608448416, 0.8340779853777417, 0.8162063363119415, 0.8194557270511779, 0.8212835093419983, 0.8064581640942323, 0.8164094232331438, 0.828391551584078, 0.8030056864337937, 0.8332656376929326, 0.8442323314378554, 0.8444354183590577, 0.8149878147847278, 0.8334687246141349, 0.8310316815597075, 0.8428107229894395, 0.8312347684809098, 0.828391551584078, 0.8324532900081235, 0.8338748984565394, 0.8121445978878961, 0.8243298131600325, 0.8352965069049553, 0.8336718115353371, 0.8393582453290008, 0.8314378554021121, 0.8470755483346872, 0.8290008123476849], "accuracy_local_pfedme": [0.650089605734767, 0.75446791226645, 0.7177091795288384, 0.761779041429732, 0.7804630381803412, 0.7778229082047117, 0.7806661251015434, 0.8056458164094232, 0.7999593826157595, 0.7865556458164095, 0.7942729488220959, 0.7768074735987003, 0.7739642567018684, 0.8003655564581641, 0.7841186027619821, 0.7993501218521527, 0.720349309504468, 0.8174248578391552, 0.8011779041429732, 0.7954914703493096, 0.8233143785540211, 0.761779041429732, 0.84910641754671, 0.8103168155970756, 0.710804224207961, 0.779650690495532, 0.8117384240454915, 0.8533712428919578, 0.8316409423233144, 0.8105199025182778, 0.8003655564581641, 0.8174248578391552, 0.811332250203087, 0.7965069049553208, 0.7932575142160845, 0.8434199837530463, 0.8170186839967506, 0.7646222583265637, 0.8109260763606824, 0.8308285946385053, 0.8070674248578391, 0.779650690495532, 0.741876523151909, 0.8428107229894395, 0.8182372055239643, 0.804021121039805, 0.8103168155970756, 0.7930544272948822, 0.8237205523964257, 0.8271730300568644, 0.8082859463850528, 0.8054427294882209, 0.8336718115353371, 0.8405767668562144, 0.7845247766043867, 0.8172217709179529, 0.8174248578391552, 0.8003655564581641, 0.8450446791226645, 0.7861494719740049, 0.857229894394801, 0.7642160844841592, 0.8263606823720553, 0.8694151096669375, 0.8239236393176279, 0.8314378554021121, 0.7865556458164095, 0.8287977254264826, 0.8533712428919578, 0.8478878960194963, 0.8466693744922827, 0.8430138099106418, 0.7800568643379366, 0.8005686433793664, 0.7650284321689683, 0.8580422420796101, 0.795897644191714, 0.7926482534524777, 0.7896019496344435, 0.7932575142160845, 0.7875710804224207, 0.8533712428919578, 0.8570268074735987, 0.8357026807473599, 0.829203899268887, 0.8612916328188465, 0.8318440292445166, 0.8482940698619009, 0.8377335499593827, 0.8554021121039805, 0.8531681559707555, 0.8255483346872461, 0.8036149471974005, 0.8359057676685622, 0.8097075548334687, 0.7798537774167343, 0.7967099918765231, 0.8068643379366369, 0.8535743298131601, 0.8748984565393989], "accuracy_personalized_pfedme": [0.650089605734767, 0.75446791226645, 0.7177091795288384, 0.761779041429732, 0.7804630381803412, 0.7778229082047117, 0.7806661251015434, 0.8056458164094232, 0.7999593826157595, 0.7865556458164095, 0.7942729488220959, 0.7768074735987003, 0.7739642567018684, 0.8003655564581641, 0.7841186027619821, 0.7993501218521527, 0.720349309504468, 0.8174248578391552, 0.8011779041429732, 0.7954914703493096, 0.8233143785540211, 0.761779041429732, 0.84910641754671, 0.8103168155970756, 0.710804224207961, 0.779650690495532, 0.8117384240454915, 0.8533712428919578, 0.8316409423233144, 0.8105199025182778, 0.8003655564581641, 0.8174248578391552, 0.811332250203087, 0.7965069049553208, 0.7932575142160845, 0.8434199837530463, 0.8170186839967506, 0.7646222583265637, 0.8109260763606824, 0.8308285946385053, 0.8070674248578391, 0.779650690495532, 0.741876523151909, 0.8428107229894395, 0.8182372055239643, 0.804021121039805, 0.8103168155970756, 0.7930544272948822, 0.8237205523964257, 0.8271730300568644, 0.8082859463850528, 0.8054427294882209, 0.8336718115353371, 0.8405767668562144, 0.7845247766043867, 0.8172217709179529, 0.8174248578391552, 0.8003655564581641, 0.8450446791226645, 0.7861494719740049, 0.857229894394801, 0.7642160844841592, 0.8263606823720553, 0.8694151096669375, 0.8239236393176279, 0.8314378554021121, 0.7865556458164095, 0.8287977254264826, 0.8533712428919578, 0.8478878960194963, 0.8466693744922827, 0.8430138099106418, 0.7800568643379366, 0.8005686433793664, 0.7650284321689683, 0.8580422420796101, 0.795897644191714, 0.7926482534524777, 0.7896019496344435, 0.7932575142160845, 0.7875710804224207, 0.8533712428919578, 0.8570268074735987, 0.8357026807473599, 0.829203899268887, 0.8612916328188465, 0.8318440292445166, 0.8482940698619009, 0.8377335499593827, 0.8554021121039805, 0.8531681559707555, 0.8255483346872461, 0.8036149471974005, 0.8359057676685622, 0.8097075548334687, 0.7798537774167343, 0.7967099918765231, 0.8068643379366369, 0.8535743298131601, 0.8748984565393989]}