{"accuracy_global": [0.09916666666666667, 0.32766666666666666, 0.815, 0.8293333333333334, 0.854, 0.8636666666666667, 0.8673333333333333, 0.8675, 0.876, 0.873, 0.8805, 0.8796666666666667, 0.8818333333333334, 0.8791666666666667, 0.883, 0.8833333333333333, 0.8871666666666667, 0.875, 0.8855, 0.8831666666666667, 0.8876666666666667, 0.8858333333333334, 0.8906666666666667, 0.8891666666666667, 0.8871666666666667, 0.889, 0.8923333333333333, 0.894, 0.8898333333333334, 0.8935, 0.892, 0.8936666666666667, 0.8956666666666667, 0.8963333333333333, 0.8956666666666667, 0.8951666666666667, 0.8923333333333333, 0.8956666666666667, 0.897, 0.901, 0.896, 0.8971666666666667, 0.8996666666666666, 0.8988333333333334, 0.897, 0.896, 0.8961666666666667, 0.8998333333333334, 0.8963333333333333, 0.8998333333333334, 0.8966666666666666, 0.9006666666666666, 0.8975, 0.9011666666666667, 0.9006666666666666, 0.8981666666666667, 0.8995, 0.8985, 0.901, 0.8973333333333333, 0.9013333333333333, 0.9025, 0.9021666666666667, 0.9006666666666666, 0.9013333333333333, 0.9043333333333333, 0.9008333333333334, 0.8973333333333333, 0.9016666666666666, 0.9011666666666667, 0.8988333333333334, 0.9011666666666667, 0.9021666666666667, 0.902, 0.8975, 0.9006666666666666, 0.9008333333333334, 0.9035, 0.8983333333333333, 0.9021666666666667, 0.9008333333333334, 0.8995, 0.9025, 0.9011666666666667, 0.9028333333333334, 0.9023333333333333, 0.8941666666666667, 0.9035, 0.9038333333333334, 0.9015, 0.9015, 0.9011666666666667, 0.9015, 0.9031666666666667, 0.8996666666666666, 0.9003333333333333, 0.9013333333333333, 0.9033333333333333, 0.8985, 0.9011666666666667], "accuracy_local": [0.7472222222222222, 0.7672222222222222, 0.8009259259259259, 0.8133333333333334, 0.825, 0.8292592592592593, 0.8307407407407408, 0.8272222222222222, 0.8542592592592593, 0.85, 0.8524074074074074, 0.8474074074074074, 0.855925925925926, 0.8516666666666667, 0.852037037037037, 0.8524074074074074, 0.8575925925925926, 0.852037037037037, 0.8494444444444444, 0.8585185185185186, 0.8616666666666667, 0.8612962962962963, 0.8648148148148148, 0.8594444444444445, 0.8561111111111112, 0.8683333333333333, 0.8694444444444445, 0.8638888888888889, 0.8731481481481481, 0.8716666666666667, 0.8737037037037036, 0.8746296296296296, 0.8694444444444445, 0.8770370370370371, 0.8770370370370371, 0.8714814814814815, 0.8738888888888889, 0.8764814814814815, 0.8729629629629629, 0.8748148148148148, 0.8714814814814815, 0.8722222222222222, 0.8772222222222222, 0.872037037037037, 0.8840740740740741, 0.8775925925925926, 0.8783333333333333, 0.8662962962962963, 0.8631481481481481, 0.8742592592592593, 0.8733333333333333, 0.8812962962962962, 0.8772222222222222, 0.8812962962962962, 0.8796296296296297, 0.8864814814814815, 0.8727777777777778, 0.8764814814814815, 0.8846296296296297, 0.8714814814814815, 0.8768518518518519, 0.8814814814814815, 0.8777777777777778, 0.8862962962962962, 0.8753703703703704, 0.8848148148148148, 0.8859259259259259, 0.8812962962962962, 0.88, 0.8898148148148148, 0.8751851851851852, 0.877962962962963, 0.8861111111111111, 0.8825925925925926, 0.8683333333333333, 0.8855555555555555, 0.8905555555555555, 0.8735185185185185, 0.8735185185185185, 0.8788888888888889, 0.8820370370370371, 0.872037037037037, 0.8770370370370371, 0.872037037037037, 0.872037037037037, 0.8837037037037037, 0.8716666666666667, 0.8837037037037037, 0.8781481481481481, 0.8890740740740741, 0.8814814814814815, 0.8772222222222222, 0.8788888888888889, 0.8703703703703703, 0.8805555555555555, 0.8814814814814815, 0.8761111111111111, 0.8846296296296297, 0.8807407407407407, 0.8740740740740741]}