{"accuracy_global_fedavg": [0.10125, 0.3425, 0.715, 0.78875, 0.80640625, 0.816875, 0.81734375, 0.8353125, 0.83546875, 0.8478125, 0.8365625, 0.84515625, 0.85515625, 0.8571875, 0.85828125, 0.85796875, 0.86015625, 0.86703125, 0.86453125, 0.8696875, 0.8640625, 0.86890625, 0.87, 0.87234375, 0.871875, 0.87859375, 0.87484375, 0.87453125, 0.87703125, 0.87578125, 0.875625, 0.8778125, 0.875, 0.8784375, 0.8765625, 0.8771875, 0.87984375, 0.87546875, 0.879375, 0.88109375, 0.87703125, 0.87609375, 0.87828125, 0.87859375, 0.87859375, 0.879375, 0.879375, 0.881875, 0.88203125, 0.87984375, 0.88203125, 0.8796875, 0.88171875, 0.885625, 0.88859375, 0.87734375, 0.88296875, 0.88453125, 0.88703125, 0.879375, 0.8803125, 0.88390625, 0.8825, 0.88671875, 0.88640625, 0.88125, 0.88359375, 0.88046875, 0.885, 0.88078125, 0.88265625, 0.87953125, 0.886875, 0.8815625, 0.8871875, 0.885, 0.8840625, 0.88140625, 0.88296875, 0.8840625, 0.88203125, 0.88546875, 0.8834375, 0.88421875, 0.88234375, 0.8834375, 0.88296875, 0.88390625, 0.8821875, 0.88390625, 0.8859375, 0.88484375, 0.88484375, 0.88515625, 0.8875, 0.883125, 0.88703125, 0.88390625, 0.8878125, 0.88171875], "accuracy_local_fedavg": [0.7155555555555555, 0.70890625, 0.75953125, 0.7521875, 0.77671875, 0.79015625, 0.79125, 0.8103125, 0.81625, 0.81625, 0.82421875, 0.829375, 0.838125, 0.826875, 0.84078125, 0.8434375, 0.84890625, 0.8409375, 0.85203125, 0.85375, 0.84890625, 0.85453125, 0.8603125, 0.8625, 0.86125, 0.86390625, 0.85734375, 0.8646875, 0.8690625, 0.8646875, 0.8590625, 0.865, 0.86203125, 0.859375, 0.86234375, 0.86125, 0.85765625, 0.86484375, 0.8728125, 0.86796875, 0.86265625, 0.864375, 0.86921875, 0.86546875, 0.86671875, 0.86125, 0.86765625, 0.8684375, 0.86046875, 0.87328125, 0.8659375, 0.8671875, 0.869375, 0.87078125, 0.87453125, 0.86125, 0.8621875, 0.87421875, 0.8753125, 0.86796875, 0.87140625, 0.875625, 0.87328125, 0.8725, 0.87421875, 0.8653125, 0.86796875, 0.87578125, 0.87015625, 0.87375, 0.8671875, 0.8703125, 0.8746875, 0.87171875, 0.8778125, 0.875, 0.87109375, 0.87515625, 0.86734375, 0.8771875, 0.86921875, 0.87078125, 0.87078125, 0.874375, 0.87453125, 0.87296875, 0.8725, 0.87828125, 0.87578125, 0.8725, 0.8784375, 0.87203125, 0.878125, 0.8728125, 0.87609375, 0.869375, 0.876875, 0.86453125, 0.8771875, 0.87671875]}