{"accuracy_global": [0.09916666666666667, 0.24966666666666668, 0.7531666666666667, 0.8321666666666667, 0.8505, 0.854, 0.8625, 0.8671666666666666, 0.8715, 0.8778333333333334, 0.877, 0.8826666666666667, 0.8826666666666667, 0.8865, 0.886, 0.8861666666666667, 0.8875, 0.8911666666666667, 0.8918333333333334, 0.8881666666666667, 0.8916666666666667, 0.8953333333333333, 0.8948333333333334, 0.8983333333333333, 0.8938333333333334, 0.8955, 0.8953333333333333, 0.8958333333333334, 0.8953333333333333, 0.8966666666666666, 0.8946666666666667, 0.8995, 0.8953333333333333, 0.9033333333333333, 0.9016666666666666, 0.8996666666666666, 0.8996666666666666, 0.9021666666666667, 0.9011666666666667, 0.901, 0.8981666666666667, 0.9038333333333334, 0.9043333333333333, 0.9025, 0.9026666666666666, 0.9031666666666667, 0.9046666666666666, 0.9006666666666666, 0.9018333333333334, 0.9048333333333334, 0.903, 0.9023333333333333, 0.905, 0.9033333333333333, 0.9061666666666667, 0.9016666666666666, 0.9051666666666667, 0.9043333333333333, 0.9033333333333333, 0.9043333333333333, 0.904, 0.9045, 0.9043333333333333, 0.9038333333333334, 0.9048333333333334, 0.9035, 0.9038333333333334, 0.9066666666666666, 0.9068333333333334, 0.9046666666666666, 0.9023333333333333, 0.9051666666666667, 0.9035, 0.9058333333333334, 0.9048333333333334, 0.9071666666666667, 0.9066666666666666, 0.9043333333333333, 0.9045, 0.907, 0.9051666666666667, 0.9035, 0.9018333333333334, 0.904, 0.9066666666666666, 0.9063333333333333, 0.906, 0.9065, 0.9053333333333333, 0.9078333333333334, 0.9041666666666667, 0.9051666666666667, 0.9071666666666667, 0.9071666666666667, 0.9075, 0.9071666666666667, 0.903, 0.9058333333333334, 0.9063333333333333, 0.905], "accuracy_local": [0.7366666666666667, 0.7429629629629629, 0.7737037037037037, 0.799074074074074, 0.8177777777777778, 0.8207407407407408, 0.8374074074074074, 0.8311111111111111, 0.857037037037037, 0.8390740740740741, 0.8440740740740741, 0.8511111111111112, 0.8483333333333334, 0.8603703703703703, 0.8577777777777778, 0.8644444444444445, 0.8577777777777778, 0.862037037037037, 0.8672222222222222, 0.8622222222222222, 0.8638888888888889, 0.8675925925925926, 0.8712962962962963, 0.8681481481481481, 0.8718518518518519, 0.875, 0.8707407407407407, 0.8768518518518519, 0.8725925925925926, 0.8529629629629629, 0.8748148148148148, 0.8755555555555555, 0.877962962962963, 0.8738888888888889, 0.8731481481481481, 0.8816666666666667, 0.8762962962962964, 0.8718518518518519, 0.8757407407407407, 0.8664814814814815, 0.8742592592592593, 0.8740740740740741, 0.8770370370370371, 0.8757407407407407, 0.8651851851851852, 0.8612962962962963, 0.8757407407407407, 0.8742592592592593, 0.8774074074074074, 0.8740740740740741, 0.8796296296296297, 0.8761111111111111, 0.8905555555555555, 0.8796296296296297, 0.8881481481481481, 0.8788888888888889, 0.8761111111111111, 0.8798148148148148, 0.8787037037037037, 0.8781481481481481, 0.8890740740740741, 0.8822222222222222, 0.8811111111111111, 0.8842592592592593, 0.8792592592592593, 0.8761111111111111, 0.8851851851851852, 0.8844444444444445, 0.8766666666666667, 0.885, 0.8848148148148148, 0.8842592592592593, 0.8846296296296297, 0.8777777777777778, 0.8825925925925926, 0.8877777777777778, 0.8820370370370371, 0.8835185185185185, 0.8735185185185185, 0.8794444444444445, 0.8814814814814815, 0.8759259259259259, 0.8729629629629629, 0.8901851851851852, 0.8790740740740741, 0.8762962962962964, 0.8896296296296297, 0.8783333333333333, 0.8835185185185185, 0.8888888888888888, 0.8811111111111111, 0.8837037037037037, 0.89, 0.8805555555555555, 0.8751851851851852, 0.8853703703703704, 0.877962962962963, 0.8790740740740741, 0.8848148148148148, 0.8911111111111111]}